{"count":1,"self":6224.8583168,"total":15438.766807999998,"children":{"InitializeActuators":{"count":5,"self":0.00098399999999999985,"total":0.00098399999999999985,"children":null},"InitializeSensors":{"count":5,"self":0.0010659999999999999,"total":0.0010659999999999999,"children":null},"AgentSendState":{"count":10000168,"self":35.323875199999996,"total":327.56771599999996,"children":{"CollectObservations":{"count":10000170,"self":197.8136192,"total":197.813616,"children":null},"WriteActionMask":{"count":10000170,"self":5.2648079999999995,"total":5.2648079999999995,"children":null},"RequestDecision":{"count":10000170,"self":20.3129424,"total":89.165416999999991,"children":{"AgentInfo.ToProto":{"count":10000170,"self":18.7630528,"total":68.852474,"children":{"GenerateSensorData":{"count":10000170,"self":50.0894208,"total":50.089420999999994,"children":null}}}}}}},"DecideAction":{"count":10000168,"self":8774.6281472,"total":8774.628408999999,"children":null},"AgentAct":{"count":10000168,"self":111.6278272,"total":111.698093,"children":{"AgentInfo.ToProto":{"count":9814,"self":0.021915,"total":0.070266,"children":{"GenerateSensorData":{"count":9814,"self":0.048351,"total":0.048351,"children":null}}}}},"AgentInfo.ToProto":{"count":1432,"self":0.00415,"total":0.011504,"children":{"GenerateSensorData":{"count":1432,"self":0.0073539999999999994,"total":0.0073539999999999994,"children":null}}}},"gauges":{"ArcadeDriver.CumulativeReward":{"count":11246,"max":308.173157,"min":-6.80284357,"runningAverage":266.835968,"value":306.28598,"weightedAverage":301.061035}},"metadata":{"timer_format_version":"0.1.0","start_time_seconds":"1696409384","unity_version":"2021.3.30f1","command_line_arguments":"\/Applications\/Unity\/Hub\/Editor\/2021.3.30f1\/Unity.app\/Contents\/MacOS\/Unity -projectpath \/Users\/herman\/Documents\/Gitkraken\/TNM114-Karting -useHub -hubIPC -cloudEnvironment production -licensingIpc LicenseClient-herman -hubSessionId 35ab1a83-8258-4b60-a1e4-cbc21cd79847 -accessToken 719If-YBUCwdm013zSqJPOm3bBHxD-zu0kCf8GOQvFE005f","communication_protocol_version":"1.5.0","com.unity.ml-agents_version":"2.0.1","scene_name":"Training-WindingTrack","end_time_seconds":"1696424823"}}