{
    "name": "root",
    "gauges": {
        "ArcadeDriver.Policy.Entropy.mean": {
            "value": 0.8837080597877502,
            "min": 0.8679812550544739,
            "max": 2.139106512069702,
            "count": 1000
        },
        "ArcadeDriver.Policy.Entropy.sum": {
            "value": 874.8709716796875,
            "min": 737.9329833984375,
            "max": 2345.171142578125,
            "count": 1000
        },
        "ArcadeDriver.Environment.EpisodeLength.mean": {
            "value": 999.0,
            "min": 26.805555555555557,
            "max": 999.0,
            "count": 778
        },
        "ArcadeDriver.Environment.EpisodeLength.sum": {
            "value": 1998.0,
            "min": 49.0,
            "max": 3996.0,
            "count": 778
        },
        "ArcadeDriver.Step.mean": {
            "value": 999998.0,
            "min": 977.0,
            "max": 999998.0,
            "count": 1000
        },
        "ArcadeDriver.Step.sum": {
            "value": 999998.0,
            "min": 977.0,
            "max": 999998.0,
            "count": 1000
        },
        "ArcadeDriver.Policy.ExtrinsicValueEstimate.mean": {
            "value": 34.334716796875,
            "min": -2.211336135864258,
            "max": 34.64332580566406,
            "count": 1000
        },
        "ArcadeDriver.Policy.ExtrinsicValueEstimate.sum": {
            "value": 583.690185546875,
            "min": -84.03077697753906,
            "max": 602.2664794921875,
            "count": 1000
        },
        "ArcadeDriver.Environment.CumulativeReward.mean": {
            "value": 344.22906255722046,
            "min": -2.5704639077186586,
            "max": 348.3184127807617,
            "count": 778
        },
        "ArcadeDriver.Environment.CumulativeReward.sum": {
            "value": 688.4581251144409,
            "min": -89.96623677015305,
            "max": 1364.7724332809448,
            "count": 778
        },
        "ArcadeDriver.Policy.ExtrinsicReward.mean": {
            "value": 344.22906255722046,
            "min": -2.5704639077186586,
            "max": 348.3184127807617,
            "count": 778
        },
        "ArcadeDriver.Policy.ExtrinsicReward.sum": {
            "value": 688.4581251144409,
            "min": -89.96623677015305,
            "max": 1364.7724332809448,
            "count": 778
        },
        "ArcadeDriver.IsTraining.mean": {
            "value": 1.0,
            "min": 1.0,
            "max": 1.0,
            "count": 1000
        },
        "ArcadeDriver.IsTraining.sum": {
            "value": 1.0,
            "min": 1.0,
            "max": 1.0,
            "count": 1000
        },
        "ArcadeDriver.Losses.PolicyLoss.mean": {
            "value": 0.026162735015774766,
            "min": 0.015218767100789895,
            "max": 0.032669916896459955,
            "count": 97
        },
        "ArcadeDriver.Losses.PolicyLoss.sum": {
            "value": 0.026162735015774766,
            "min": 0.015218767100789895,
            "max": 0.032669916896459955,
            "count": 97
        },
        "ArcadeDriver.Losses.ValueLoss.mean": {
            "value": 1.4948679973681769,
            "min": 0.36009697020053866,
            "max": 6.146768236160279,
            "count": 97
        },
        "ArcadeDriver.Losses.ValueLoss.sum": {
            "value": 1.4948679973681769,
            "min": 0.36009697020053866,
            "max": 6.146768236160279,
            "count": 97
        },
        "ArcadeDriver.Policy.LearningRate.mean": {
            "value": 1.0158996614000001e-06,
            "min": 1.0158996614000001e-06,
            "max": 0.0002969274010242,
            "count": 97
        },
        "ArcadeDriver.Policy.LearningRate.sum": {
            "value": 1.0158996614000001e-06,
            "min": 1.0158996614000001e-06,
            "max": 0.0002969274010242,
            "count": 97
        },
        "ArcadeDriver.Policy.Epsilon.mean": {
            "value": 0.10033860000000003,
            "min": 0.10033860000000003,
            "max": 0.19897580000000006,
            "count": 97
        },
        "ArcadeDriver.Policy.Epsilon.sum": {
            "value": 0.10033860000000003,
            "min": 0.10033860000000003,
            "max": 0.19897580000000006,
            "count": 97
        },
        "ArcadeDriver.Policy.Beta.mean": {
            "value": 2.6896139999999998e-05,
            "min": 2.6896139999999998e-05,
            "max": 0.004948892419999999,
            "count": 97
        },
        "ArcadeDriver.Policy.Beta.sum": {
            "value": 2.6896139999999998e-05,
            "min": 2.6896139999999998e-05,
            "max": 0.004948892419999999,
            "count": 97
        }
    },
    "metadata": {
        "timer_format_version": "0.1.0",
        "start_time_seconds": "1696241458",
        "python_version": "3.9.13 (main, Aug 25 2022, 18:24:45) \n[Clang 12.0.0 ]",
        "command_line_arguments": "/Users/herman/Documents/Gitkraken/TNM114-Karting/venv/bin/mlagents-learn Assets/Karting/Prefabs/AI/kart_mg_trainer_config.yaml --train --run-id=custom-track-3",
        "mlagents_version": "0.30.0",
        "mlagents_envs_version": "0.30.0",
        "communication_protocol_version": "1.5.0",
        "pytorch_version": "1.11.0",
        "numpy_version": "1.21.2",
        "end_time_seconds": "1696243045"
    },
    "total": 1587.633546958,
    "count": 1,
    "self": 0.004248624999945605,
    "children": {
        "run_training.setup": {
            "total": 0.017917874999999972,
            "count": 1,
            "self": 0.017917874999999972
        },
        "TrainerController.start_learning": {
            "total": 1587.611380458,
            "count": 1,
            "self": 2.2429803969441764,
            "children": {
                "TrainerController._reset_env": {
                    "total": 7.225031833000001,
                    "count": 1,
                    "self": 7.225031833000001
                },
                "TrainerController.advance": {
                    "total": 1578.1061131860558,
                    "count": 205687,
                    "self": 1.0097977840305248,
                    "children": {
                        "env_step": {
                            "total": 1577.0963154020253,
                            "count": 205687,
                            "self": 1384.3416839410643,
                            "children": {
                                "SubprocessEnvManager._take_step": {
                                    "total": 191.3684997979703,
                                    "count": 205688,
                                    "self": 4.099655911975788,
                                    "children": {
                                        "TorchPolicy.evaluate": {
                                            "total": 187.2688438859945,
                                            "count": 203914,
                                            "self": 187.2688438859945
                                        }
                                    }
                                },
                                "workers": {
                                    "total": 1.3861316629907119,
                                    "count": 205687,
                                    "self": 0.0,
                                    "children": {
                                        "worker_root": {
                                            "total": 1566.780247932987,
                                            "count": 205687,
                                            "is_parallel": true,
                                            "self": 291.8791938319812,
                                            "children": {
                                                "steps_from_proto": {
                                                    "total": 0.0010375409999978658,